{
  "a1b2c3d4-e5f6-4000-8000-000000000001": [
    3.9702984887838038,
    3.9509636663479073,
    3.9027687130775637,
    3.8656258128178425,
    3.8225906599195345
  ],
  "a1b2c3d4-e5f6-4000-8000-000000000002": [
    7.265099036106139,
    7.264437958164922,
    7.254617564634506,
    7.267643741151394,
    7.262106158736874
  ],
  "a1b2c3d4-e5f6-4000-8000-000000000003": [
    755.3361468267237,
    757.5520465811375,
    759.7810064007205,
    762.0172015666162,
    764.2445537648623
  ],
  "a1b2c3d4-e5f6-4000-8000-000000000004": [
    1.4535596128574277,
    1.4547037050507603,
    1.456361604809463,
    1.4580100232492235,
    1.487943412302679
  ],
  "a1b2c3d4-e5f6-4000-8000-000000000005": [
    4.078654061647401,
    4.074696403590874,
    4.0859160619258486,
    4.077146840635999,
    4.089526507518856
  ],
  "a1b2c3d4-e5f6-4000-8000-000000000006": [
    53.13235179900946,
    53.17768834795755,
    53.22500754004962,
    53.25536870758043,
    53.30401735400647
  ],
  "a1b2c3d4-e5f6-4000-8000-000000000007": [
    19.909487817432773,
    19.9151599753614,
    19.912952910366887,
    19.902446055515647,
    19.906802879120523
  ]
}